Frame;1_X;1_Y;1_Z;2_X;2_Y;2_Z;3_X;3_Y;3_Z;4_X;4_Y;4_Z;5_X;5_Y;5_Z
1;926.375;519.821655;62.659702;810.571716;454.053436;29.734644;890.98645;434.791595;30.647978;1031.505127;724.685608;220.521439;1081.747803;748.331665;404.561859
2;926.335938;519.792358;62.771305;810.526978;454.068665;29.687885;891.047424;434.639282;30.683409;1031.430176;724.680176;220.497498;1081.747803;748.331665;404.561859
3;926.256042;519.765503;62.921257;810.471497;454.075378;29.706203;890.926514;434.764984;30.689079;1031.40979;724.69281;220.590836;1081.791748;748.344238;404.545349
4;926.205627;519.706421;63.054478;810.457031;454.077606;29.753822;890.867004;434.776581;30.492615;1031.390625;724.817444;220.623016;1081.846924;748.415405;404.539978
5;926.132324;519.715393;63.234367;810.661926;454.311615;29.638029;890.752136;434.784637;30.404083;1031.390259;724.940857;220.678055;1081.941406;748.523132;404.591492
6;925.972046;519.628479;63.447971;810.455322;454.259857;29.64558;890.654907;434.807831;30.388346;1031.466797;725.055908;220.727325;1082.048828;748.553955;404.639404
7;925.821411;519.594238;63.834221;810.367981;454.201324;29.62882;890.585144;434.792297;30.404551;1031.475952;725.28833;220.832291;1082.217285;748.6427;404.644073
8;925.63385;519.561035;64.178986;810.325378;454.216614;29.601351;890.47998;434.786804;30.368309;1031.5829465000002;725.5371705;220.8678285;1082.368408;748.740784;404.687561
9;925.348694;519.560486;64.659431;810.281616;454.334076;29.663698;890.258545;434.842163;30.271063;1031.689941;725.786011;220.903366;1082.450439;748.842834;404.766907
10;925.090027;519.629761;65.233459;810.200134;454.400024;29.557274;890.107971;434.820892;30.285191;1031.643311;726.026794;221.024124;1082.865601;748.937805;404.675842
11;925.019104;519.556824;65.597595;810.057373;454.392212;29.673841;889.920288;434.779846;30.294043;1031.66687;726.466003;221.107849;1083.112549;748.996399;404.753265
12;924.763733;519.688721;65.999123;810.129089;454.772186;29.148016;889.803528;434.837128;30.383162;1031.746582;726.92926;221.220398;1083.459961;749.137573;404.880035
13;924.673828;519.958984;66.220184;810.173462;454.929413;28.943968;889.64447;434.846008;30.357719;1031.740845;727.49353;221.3311;1083.716675;749.21991;405.011444
14;924.223816;519.700439;67.254929;810.058716;454.929138;29.04595;889.42804;434.877014;30.421135;1031.730347;728.006409;221.38559;1083.98877;749.371033;405.205872
15;923.593262;519.567871;68.578484;809.866943;455.037445;29.122532;889.300415;434.91275;30.427769;1032.3269311304348;729.1310480869565;221.66309495652175;1084.458008;749.595642;405.334869
16;923.139832;519.648499;69.350014;809.880859;454.953949;29.244694;888.927612;435.009033;30.739525;1032.9235152608694;730.255687173913;221.94059991304349;1084.820068;749.938049;405.314575
17;922.91333;519.9729;70.132301;809.281677;454.918274;29.820747;889.051147;435.063446;30.661682;1033.5200993913043;731.3803262608695;222.21810486956522;1085.28833;750.098022;405.391144
18;922.60553;520.040344;71.193817;809.004761;455.080841;30.305902;888.976929;435.141815;30.7211;1034.116683521739;732.5049653478261;222.49560982608696;1085.817261;750.280029;405.369293
19;921.96698;520.034363;72.509399;808.695313;455.394073;30.389185;888.717773;435.244202;30.893665;1034.713267652174;733.6296044347826;222.7731147826087;1086.473511;750.470276;405.207397
20;921.07312;520.230042;74.067261;808.430664;455.836609;30.468321;888.522949;435.284332;31.158619;1035.3098517826086;734.7542435217391;223.05061973913044;1086.910034;750.594971;405.506805
21;920.701233;520.425049;75.815475;808.167847;456.306427;30.496675;888.395935;435.344788;31.857096;1035.9064359130434;735.8788826086957;223.32812469565218;1087.326294;750.870239;405.823181
22;920.288025;520.612488;77.508026;807.852905;456.734192;30.990683;888.283447;435.543152;32.570225;1036.5030200434783;737.0035216956521;223.60562965217392;1087.966309;751.389343;406.473633
23;919.574158;520.720581;79.382065;807.505615;457.264343;31.979008;888.041138;435.746643;33.317772;1037.0996041739131;738.1281607826087;223.88313460869566;1087.765869;752.047363;407.041901
24;919.531799;520.898438;81.688644;807.253235;458.048492;33.201862;887.738037;436.061981;34.537693;1037.6961883043477;739.2527998695653;224.1606395652174;1087.559692;752.662598;407.702515
25;919.029358;521.345459;83.550385;806.701172;458.77655;34.720673;887.316345;436.361206;36.627361;1038.2927724347826;740.3774389565217;224.43814452173913;1088.16272;753.343811;408.048218
26;918.534241;521.814636;85.863029;805.874329;459.435699;37.217392;886.843018;436.49295;39.001743;1038.8893565652174;741.5020780434783;224.71564947826087;1089.122314;754.043396;408.079498
27;918.181396;522.506531;88.861176;805.049133;459.897583;40.5592;886.467163;436.194153;41.958858;1039.4859406956523;742.6267171304347;224.9931544347826;1089.866089;754.523315;408.101868
28;917.387207;523.249023;91.162582;804.594849;460.481232;43.244572;885.956482;436.503326;45.188614;1040.082524826087;743.7513562173913;225.27065939130435;1090.566528;755.091797;408.528381
29;916.751343;523.787476;94.341286;803.959778;461.000641;46.878399;885.78595;436.308228;48.912102;1040.6791089565218;744.8759953043478;225.5481643478261;1091.110474;755.826172;409.127045
30;916.596008;524.465576;96.772652;803.802002;461.460785;49.687298;885.63269;436.279053;52.816841;1041.2756930869566;746.0006343913043;225.82566930434783;1091.962402;756.577637;410.233185
31;916.700256;525.254456;99.621277;803.498535;461.871887;53.021122;885.634583;436.383606;56.492123;1041.8722772173915;747.1252734782609;226.10317426086957;1092.855713;757.481934;410.115021
32;916.813293;526.212158;102.135849;802.971863;462.359894;56.778713;885.53595;436.456177;60.106083;1042.468861347826;748.2499125652174;226.3806792173913;1093.674316;758.022522;410.016998
33;917.065674;526.808777;105.440094;802.860779;462.886932;60.457481;885.538879;436.823792;64.223671;1043.065445478261;749.3745516521739;226.65818417391304;1094.567871;758.726868;410.626648
34;917.17334;527.523438;108.122345;802.885254;463.284943;64.048569;885.55188;437.260681;68.530594;1043.6620296086958;750.4991907391304;226.93568913043478;1095.512817;759.471985;411.460663
35;917.902466;527.890015;111.503136;803.29248;463.80423;67.221672;885.784973;437.719482;72.05014;1044.2586137391306;751.623829826087;227.21319408695652;1097.193604;760.391174;412.015961
36;918.18866;528.775513;114.403343;803.492554;464.248138;71.411835;886.059204;438.319244;75.579323;1044.8551978695652;752.7484689130434;227.49069904347826;1097.776978;761.21991;412.245972
37;918.621704;529.326111;118.479118;803.67511;464.344116;76.005569;886.289551;438.934784;78.63987;1045.451782;753.873108;227.768204;1097.819092;762.077271;413.225311
38;919.016479;530.123535;121.331764;804.110779;464.448059;80.317657;886.53418;439.701385;81.721535;1046.266235;755.305237;228.31517;1099.054443;762.953308;413.616547
39;919.604187;530.894531;124.012947;804.79364;464.642334;84.274048;887.106079;440.536285;84.747406;1047.511353;757.442139;228.734955;1100.481079;763.954773;414.232422
40;920.180176;532.257874;127.612961;805.489136;464.784393;88.855064;887.33606;441.442902;87.519241;1048.380005;759.063232;229.577789;1101.265991;764.7677;414.669525
41;920.463562;533.239075;131.326004;806.09082;464.834045;93.395714;887.902283;442.439362;90.204857;1048.712402;760.981323;230.452652;1102.026611;765.378235;415.354279
42;920.609558;534.095703;134.721115;806.706116;465.084198;97.995865;888.158508;443.69989;93.079575;1049.511841;762.758301;230.611588;1103.461304;766.409729;415.886658
43;921.19458;535.257751;137.863235;807.213684;465.487915;102.787827;888.267395;445.030945;95.883949;1050.626221;764.727539;231.62561;1104.573975;767.458313;416.268127
44;921.455261;536.661438;141.363022;807.491577;465.989502;107.470779;888.359741;446.348663;98.71524;1051.42749;766.240234;232.624512;1105.326172;768.218628;416.520264
45;921.591125;538.237915;144.759964;807.922546;466.510193;112.117294;888.337219;447.749573;101.730278;1052.221313;768.346985;233.204681;1106.119995;770.325379;417.10043299999995
46;922.056091;539.989441;147.663544;808.354004;467.238037;116.670532;887.803772;449.078552;104.65593;1108.069824;769.780701;417.894226;1161.968506;771.759095;601.789978
47;922.196472;541.460876;150.778763;808.715942;468.519928;121.195587;887.781677;450.643372;107.512009;1108.594849;770.934875;418.491608;1162.493531;772.913269;602.38736
48;922.358398;542.90979;153.967545;808.716614;469.870575;125.660431;887.33728;452.297394;110.224686;1055.978516;773.532471;234.343292;1109.877198;775.510865;418.2390439999999
49;922.193604;544.42395;157.252441;808.448242;471.18512;129.829102;886.487488;454.521179;113.356537;1056.194824;775.711731;235.311111;1110.093506;777.690125;419.20686299999994
50;922.126892;545.731262;160.946747;808.357849;473.119446;133.723846;885.724426;456.45752;116.78688;1112.519409;773.810181;420.072601;1166.418091;775.7885749999999;603.968353
51;922.050842;547.68396;163.777313;808.131897;474.876953;137.630814;884.837708;458.497009;119.518196;1113.460327;775.09314;420.49295;1167.359009;777.0715339999999;604.388702
52;921.891907;549.574341;166.367065;807.615051;477.194305;141.640457;883.690796;460.4086;122.01532;1114.772583;775.926636;421.348145;1168.671265;777.90503;605.243897
53;921.949341;551.563599;169.677063;806.768494;479.472687;145.778931;882.809143;462.846649;125.324402;1115.823486;775.919189;422.129456;1169.722168;777.8975829999999;606.025208
54;921.606384;553.288757;172.332596;805.904785;481.866486;149.312973;881.357117;464.927795;128.448822;1116.670654;776.862854;422.444916;1170.569336;778.841248;606.340668
55;921.225403;555.60022;174.848404;805.152222;484.433685;152.837387;879.135376;468.00058;131.212906;1117.818604;777.988953;422.970154;1171.717286;779.967347;606.865906
56;921.106812;557.776978;177.091492;804.299255;486.994873;156.206528;878.097595;470.033875;134.228485;1062.005493;787.763916;240.362106;1115.904175;789.74231;424.25785800000006
57;920.328003;559.713501;179.640076;803.241211;490.004395;159.557602;876.468933;472.105408;137.162292;1063.348511;789.35968;240.520096;1117.247193;791.338074;424.41584800000004
58;919.704163;561.752563;182.106171;802.153931;492.837494;162.784561;874.82196;475.213684;139.694656;1063.973511;791.219055;241.09671;1117.872193;793.197449;424.99246200000005
59;919.202332;564.282898;184.124115;801.224731;495.898651;165.638947;872.801392;477.732452;141.713379;1064.192993;792.637756;241.970627;1118.091675;794.61615;425.86637900000005
60;918.749512;566.62146;186.337997;800.034973;498.823059;168.367966;871.368469;480.17807;144.675446;1065.062012;794.424377;243.037933;1118.960694;796.402771;426.9336850000001
61;917.314941;568.51355;188.534363;798.420654;502.190094;171.357498;869.36853;483.269684;147.332443;1065.995972;795.880798;243.845596;1119.894654;797.859192;427.7413480000001
62;916.699097;570.828064;190.615555;796.983093;505.559692;173.991013;867.379517;485.429382;149.041733;1066.461304;797.382019;244.555756;1120.359986;799.360413;428.4515080000001
63;915.746033;573.022888;192.2677;795.645874;508.952759;176.044281;865.614563;488.996216;150.475861;1066.654297;798.898499;245.536835;1120.552979;800.876893;429.4325870000001
64;914.81781;575.575073;193.975037;794.067139;512.327759;177.91954;863.468445;491.956329;152.285934;1067.384155;800.243103;246.383163;1121.282837;802.221497;430.2789150000001
65;914.06897;577.929504;194.972366;792.463379;515.686401;179.810364;861.630798;494.24826;153.884613;1068.195435;801.86438;247.229248;1122.094117;803.842774;431.1250000000001
66;912.875305;580.265808;196.444275;790.581543;518.982666;181.537567;859.460693;497.110413;155.36908;1068.733521;802.971924;248.014893;1122.6322030000001;804.9503179999999;431.9106450000001
67;911.740417;582.739136;197.559372;788.703003;522.26709;182.921722;857.357056;500.524139;156.941071;1069.072998;804.117859;248.686478;1122.97168;806.0962529999999;432.5822300000001
68;910.391846;585.125183;198.791153;786.816589;525.934387;184.002625;855.024841;503.460999;157.077316;1129.868164;785.266418;429.825653;1183.766846;787.244812;613.7214050000001
69;909.280457;587.567322;199.465378;785.104553;529.446716;184.506104;853.162781;506.417755;157.639755;1130.888306;785.824341;430.396362;1184.786988;787.802735;614.2921140000001
70;907.795349;590.076111;200.410751;783.204895;533.039917;185.360214;851.040771;509.577759;157.748489;1131.559937;786.169678;430.707733;1185.458619;788.148072;614.6034850000001
71;906.580994;592.414429;200.70694;781.442932;536.994324;185.130402;848.944031;512.874023;157.917923;1131.971069;786.448303;430.877747;1185.869751;788.426697;614.7734990000001
72;905.121094;595.013794;201.344849;779.629028;540.722839;184.996384;847.04071;515.88385;158.191147;1132.380127;786.725037;431.082916;1186.278809;788.703431;614.9786680000002
73;903.758545;597.412903;201.850723;777.347656;544.280762;185.583755;845.076477;518.852966;158.133087;1132.831909;787.037598;431.442627;1186.730591;789.015992;615.3383790000003
74;902.559448;599.895325;202.074509;775.450073;547.898499;185.412033;843.235718;521.867432;157.481186;1072.525879;812.329407;252.410324;1126.424561;814.3078009999999;436.30607600000025
75;900.965759;602.060852;202.377747;773.700317;551.53125;184.896378;840.723938;524.938232;157.217773;1072.703735;813.481018;253.197495;1126.602417;815.4594119999999;437.09324700000025
76;899.423279;604.047852;203.120316;771.81958;555.063477;184.525574;838.974121;528.248657;157.045166;1072.772461;814.270386;253.864182;1126.671143;816.24878;437.75993400000027
77;897.785583;606.516663;203.442047;769.717529;558.841736;184.229782;837.060486;531.3078;156.640182;1072.864746;815.036499;254.419083;1126.763428;817.014893;438.31483500000024
78;896.644104;609.075012;202.708969;767.76355;562.490967;184.131119;835.051575;534.447144;155.868683;1073.070435;815.925537;255.052917;1126.969117;817.903931;438.9486690000002
79;895.007263;611.3927;202.570541;765.709595;566.072998;183.683197;833.210938;537.874451;155.19754;1073.946899;817.410583;254.907639;1127.845581;819.388977;438.8033910000002
80;893.619385;613.365112;202.33609;763.875305;569.744995;182.715363;830.987366;540.554565;154.269012;1074.447388;818.417603;254.972473;1128.34607;820.395997;438.8682250000002
81;892.119446;615.917664;201.467697;761.866699;573.18158;182.077789;829.033264;543.219482;153.617661;1074.660522;818.928467;255.229889;1128.559204;820.9068609999999;439.1256410000002
82;890.972229;618.26947;201.08461;760.139954;577.089355;181.267548;827.220764;546.249634;152.701721;1074.823853;819.375916;255.469711;1128.722535;821.3543099999999;439.3654630000002
83;889.572449;620.335938;200.541229;758.191101;580.423157;180.64743;825.603027;549.250854;151.718628;1074.738159;819.556274;255.879883;1128.636841;821.534668;439.7756350000002
84;888.219238;622.418518;200.059662;756.462769;584.097534;179.218582;824.070862;551.764893;150.668274;1075.084595;820.593933;255.945572;1128.983277;822.572327;439.8413240000002
85;886.717896;624.197876;199.6884;754.778564;587.355286;178.298737;822.354248;554.540894;149.402405;1075.440796;821.366211;255.914536;1129.339478;823.344605;439.81028800000024
86;885.58728;626.101013;199.220795;753.210999;590.770813;176.72995;820.918884;557.167908;148.33226;1075.588379;821.844788;256.008179;1129.487061;823.823182;439.9039310000002
87;884.236328;627.948975;198.558807;751.829346;593.886108;175.365433;819.204834;559.517944;147.043594;1075.447998;822.240967;256.326294;1129.34668;824.2193609999999;440.22204600000026
88;883.219727;629.695374;198.032578;749.948792;597.050171;174.169327;818.136047;562.037537;145.933777;1075.389893;822.545105;256.55426;1129.288575;824.523499;440.45001200000024
89;881.677246;631.398315;197.693527;748.927063;600.238281;171.96347;816.673035;564.237427;144.557022;1075.578613;822.790344;256.738403;1129.477295;824.768738;440.63415500000025
90;880.574585;632.750671;197.146103;747.659119;603.057251;170.565445;815.468689;566.489136;143.342789;1075.652954;823.088745;256.901367;1129.551636;825.067139;440.79711900000024
91;879.858704;634.766968;196.004288;746.226624;605.837708;168.847397;814.269836;568.871765;141.920746;1075.662231;823.602783;256.970398;1129.560913;825.581177;440.86615000000023
92;878.443359;636.180298;195.377945;745.143738;608.618347;166.853241;813.301697;570.983521;140.537964;1075.677124;823.80719;257.202087;1129.575806;825.785584;441.09783900000025
93;877.605896;637.421143;194.746658;743.908752;610.889954;165.633484;812.413208;573.245056;138.905334;1075.731079;824.06073;257.407623;1129.629761;826.039124;441.30337500000024
94;876.821289;639.352478;193.172241;742.565796;613.367798;163.751602;811.078125;575.284973;137.079666;1075.75708;824.425537;257.523987;1129.655762;826.403931;441.4197390000002
95;875.860779;640.557007;192.287231;742.11261;615.428955;161.673996;810.665771;577.153503;135.121582;1075.737793;824.638672;257.585205;1129.636475;826.617066;441.4809570000002
96;875.119263;641.605469;191.361496;741.541382;617.667297;159.387497;809.917236;578.846924;133.200378;1075.614746;824.774475;257.722717;1129.513428;826.752869;441.61846900000023
97;874.451233;643.201355;189.355362;741.1427;619.907166;156.502274;809.431519;580.593384;131.470261;1075.563477;824.894958;257.760742;1129.462159;826.873352;441.65649400000024
98;873.704529;644.38623;188.274033;740.52832;621.82489;154.840179;808.673401;582.317139;129.369537;1075.514526;825.006592;257.819946;1129.413208;826.9849859999999;441.71569800000026
99;873.039368;645.68573;187.045532;739.557861;623.555908;153.140259;807.91864;583.944763;127.641808;1075.444946;825.073303;257.785461;1129.343628;827.051697;441.68121300000024
100;872.588074;646.93927;185.642029;739.215149;625.455627;150.843735;807.346924;585.65918;125.878006;1075.395264;825.08905;257.721863;1129.293946;827.067444;441.6176150000002
101;871.987549;647.783875;184.31604;738.966309;627.059509;148.520157;806.778625;586.982117;124.243477;1075.188965;825.150391;257.638092;1129.087647;827.128785;441.5338440000002
102;871.346375;648.783997;182.432724;738.619507;628.660706;146.622879;806.291626;588.243774;121.933739;1074.993896;825.171143;257.518219;1128.892578;827.149537;441.41397100000023
103;870.738525;649.75116;181.1259;737.822571;630.033997;144.717575;805.806702;589.900024;120.239456;1074.856445;825.189636;257.264069;1128.755127;827.1680299999999;441.15982100000025
104;870.338806;651.018066;179.39447;737.48822;631.164307;142.680328;805.314575;590.923706;118.926147;1074.689209;825.220459;257.167419;1128.587891;827.198853;441.06317100000024
105;870.312683;651.948425;177.354568;737.295593;632.764832;140.616989;805.059082;591.74823;116.859001;1074.573364;825.2146;257.038422;1128.472046;827.192994;440.93417400000027
106;869.913635;652.262695;176.01767;737.231201;633.57373;138.787338;805.084839;592.596436;114.770187;1074.441528;825.233032;256.883942;1128.34021;827.211426;440.77969400000023
107;869.532715;653.188538;174.21727;737.134277;634.710266;136.241028;804.995667;593.615112;112.967743;1074.436768;825.232056;256.694489;1128.33545;827.2104499999999;440.5902410000002
108;869.175903;653.774719;173.06427;737.120911;636.120178;133.854279;804.641785;594.725098;111.378578;1074.345459;825.235291;256.504333;1128.244141;827.2136849999999;440.4000850000002
109;869.114624;654.263733;170.942245;737.726196;637.331665;130.99176;804.209229;595.087463;109.84288;1074.440552;825.21106;256.301636;1128.339234;827.189454;440.1973880000002
110;868.892456;655.161499;168.957184;738.121338;638.354248;128.194183;804.003601;595.412354;108.088684;1074.32959;825.219788;256.133148;1128.228272;827.198182;440.02890000000025
111;868.942749;655.803223;167.78833;738.831177;639.03717;125.875366;803.774719;595.926514;106.756546;1074.143188;825.187134;255.9702;1128.04187;827.165528;439.8659520000002
112;868.857849;656.457275;165.503952;739.288269;639.229431;124.182159;803.604126;596.452698;105.953674;1073.913086;825.14978;255.864395;1127.811768;827.128174;439.7601470000002
113;868.662781;656.494873;164.013184;739.863281;639.597656;122.655464;803.357788;597.095764;105.370934;1073.680298;825.170288;255.65947;1127.57898;827.148682;439.5552220000002
114;868.941284;656.773987;162.875778;740.722412;639.746277;121.807838;802.501221;597.884705;104.675682;1073.280762;825.21936;255.368347;1127.179444;827.197754;439.2640990000002
115;869.227844;657.206543;161.388458;741.486694;639.774475;121.386948;801.615662;598.758789;103.892319;1072.889893;825.224548;255.076569;1126.788575;827.202942;438.9723210000002
116;869.186401;657.431091;160.158798;742.077393;639.913147;121.198593;800.995117;599.288574;103.957298;1072.514282;825.243103;254.884888;1126.412964;827.221497;438.7806400000002
117;869.067261;657.528625;159.47197;742.932373;640.023071;120.861481;800.465576;599.356018;104.23632;1072.09021;825.224304;254.482101;1125.988892;827.2026979999999;438.3778530000002
118;868.978577;657.530823;159.05986;744.018799;640.287476;120.109749;799.731506;599.235168;104.501732;1071.812256;825.143799;254.318466;1125.710938;827.1221929999999;438.2142180000002
119;869.047363;657.421814;158.599457;744.529541;640.00531;120.264839;799.194397;599.198303;104.67849;1071.200684;825.227722;254.252182;1125.099366;827.206116;438.1479340000002
120;869.065369;657.275146;158.287552;745.33075;640.206482;119.478287;798.688965;599.340454;104.652046;1070.729614;825.239441;254.261658;1124.628296;827.217835;438.1574100000002
121;869.041809;657.083496;158.209625;746.245605;639.905273;119.089684;798.583984;599.522705;104.492569;1070.28418;825.334045;253.912201;1124.1828620000001;827.3124389999999;437.8079530000002
122;868.903015;656.878357;158.461685;747.039063;639.38385;118.409332;798.555298;599.60968;104.204994;1070.011719;825.436951;253.713913;1123.910401;827.415345;437.6096650000002
123;868.584534;656.736694;159.066727;747.77832;638.911377;118.322769;798.635864;599.699402;103.987663;1070.015381;825.507263;253.542908;1123.914063;827.485657;437.4386600000002
124;868.095886;656.730835;159.931717;748.360352;638.389648;118.251122;798.941467;599.509521;103.984711;1069.820068;825.619873;253.582047;1123.71875;827.598267;437.4777990000002
125;867.915649;656.865967;160.273193;749.02356;637.84259;118.07354;799.324524;599.292725;103.974808;1069.606934;825.752747;253.570221;1123.505616;827.731141;437.4659730000002
126;867.55249;656.431335;161.884659;749.609924;637.546997;117.57412;799.643555;599.296631;104.100494;1069.323975;825.951477;253.577408;1123.222657;827.9298709999999;437.4731600000002
127;867.132507;656.171692;163.433487;750.275696;637.353577;117.220909;799.896179;599.342346;104.4254;1069.2323;826.077759;253.576935;1123.130982;828.056153;437.4726870000002
128;866.693237;656.371521;164.260696;750.594177;637.101868;117.336739;800.258362;599.391174;104.784866;1069.077026;826.377686;253.523163;1122.975708;828.35608;437.4189150000002
129;866.336792;656.735168;165.479553;750.883423;636.657898;117.148811;800.423035;599.379395;105.156288;1068.872925;826.80304;253.457687;1122.771607;828.781434;437.3534390000002
130;865.816467;656.824341;166.63179;751.395325;636.047791;117.143234;800.516785;599.323059;105.66465;1068.57373;827.549622;253.364822;1122.472412;829.528016;437.26057400000025
131;865.402466;656.943726;167.765839;751.595581;635.453491;117.478218;800.555664;599.104614;106.737991;1068.298828;828.180908;253.387558;1122.19751;830.159302;437.28331000000026
132;864.618652;657.147522;169.396103;751.49231;635.196899;118.480553;800.629822;598.877502;108.118324;1067.797241;828.892883;253.297287;1121.695923;830.871277;437.1930390000002
133;863.992554;657.186096;171.275879;751.257507;634.933716;119.736443;800.63031;598.785889;109.927727;1067.195679;829.504456;253.583023;1121.094361;831.48285;437.4787750000002
134;863.566101;657.455078;172.694855;751.103821;634.641907;121.349022;799.829041;598.585327;111.577164;1066.877319;829.882324;253.525497;1120.776001;831.860718;437.4212490000002
135;863.045898;657.678162;174.041763;750.616943;634.759033;123.156113;799.037537;598.34967;113.918228;1066.687866;830.324158;253.560745;1120.586548;832.302552;437.45649700000024
136;862.295654;657.998169;175.691391;749.914978;635.049316;125.239815;798.579407;598.106873;116.259911;1066.439453;830.967712;253.792938;1120.338135;832.946106;437.68869000000024
137;861.393616;658.671875;177.435196;749.275574;635.253357;126.728905;797.710327;598.172302;118.957733;1065.880493;831.989624;253.751465;1119.779175;833.968018;437.64721700000024
138;860.442566;659.676697;178.983627;748.553162;635.589966;129.171021;796.403503;598.039612;122.166031;1065.233521;832.869568;253.903168;1119.1322030000001;834.8479619999999;437.79892000000024
139;859.354797;660.018921;180.739609;747.511292;636.027527;131.724854;795.134521;597.675781;124.873055;1064.31543;833.566528;254.438431;1118.2141120000001;835.5449219999999;438.3341830000003
140;858.349731;660.577454;183.478668;746.253052;636.387573;133.949829;794.089111;597.955811;128.156555;1063.478027;833.886597;254.733841;1117.3767090000001;835.864991;438.6295930000003
141;856.904358;661.055603;185.303268;744.775024;636.871521;136.758698;792.822205;598.155945;130.299683;1062.62085;834.637451;254.846024;1116.519532;836.615845;438.7417760000003
142;855.218323;661.897278;187.729996;743.575745;637.135742;138.835175;791.136108;597.918945;134.177399;1061.595215;835.494568;254.940735;1115.493897;837.4729619999999;438.83648700000026
143;854.088867;662.760864;189.257599;741.883606;637.596741;141.782501;789.179199;598.196289;136.71402;1060.362183;836.430359;255.296768;1114.260865;838.4087529999999;439.1925200000003
144;852.358521;663.362122;191.662872;739.825317;638.003235;144.866043;787.165222;598.90509;139.801224;1059.065552;837.068481;255.902573;1112.964234;839.046875;439.7983250000003
145;850.372253;664.003174;194.148331;737.486511;638.492737;148.109924;784.999878;599.147217;142.439713;1057.97937;837.408936;256.32608;1111.878052;839.38733;440.2218320000003
146;848.377014;664.778442;195.856232;735.136719;639.185059;150.947556;782.746094;599.660522;145.184952;1056.513062;838.017273;256.682861;1110.411744;839.995667;440.5786130000003
147;846.473572;665.216858;198.79126;732.77179;639.964172;153.825165;779.633179;600.213928;148.014862;1055.047241;838.490601;256.882141;1108.945923;840.468995;440.7778930000003
148;843.556702;665.710571;201.151108;730.436646;640.608154;155.99855;777.425964;600.375;150.90715;1053.246704;838.887268;257.011261;1107.145386;840.8656619999999;440.9070130000003
149;841.417664;666.351135;202.759155;727.958618;641.402588;158.60672;774.687988;601.050171;152.910797;1051.284058;839.434998;257.878448;1105.18274;841.4133919999999;441.7742000000003
150;838.61676;667.102417;205.539383;724.794312;642.046021;161.34317;772.27771;601.748352;155.718018;1049.904541;839.912964;258.213989;1103.8032230000001;841.891358;442.1097410000003
151;836.06897;667.555481;207.49707;721.934265;642.679382;164.056046;768.87854;602.701477;157.836655;1047.006226;840.547913;258.716278;1100.904908;842.526307;442.6120300000003
152;833.069031;668.143188;209.766129;718.708618;643.409729;166.869965;765.60376;603.805237;160.237289;1045.21936;840.767639;258.875122;1099.118042;842.746033;442.7708740000003
153;829.697998;668.722534;212.208817;715.415466;644.268494;169.79509;762.423645;603.994995;163.00441;1042.619995;841.179932;260.070709;1096.518677;843.158326;443.9664610000003
154;826.800354;669.358521;213.647247;711.875977;644.981995;172.300369;758.831299;604.843567;164.745285;1040.527344;841.362976;260.160645;1094.426026;843.34137;444.0563970000003
155;823.716064;669.850037;216.50412;708.080078;645.906494;175.125687;755.081421;605.797791;167.064407;1037.605469;841.769958;260.743317;1091.504151;843.748352;444.6390690000003
156;820.047852;670.624084;218.239059;704.778992;646.486877;177.400803;751.384216;606.240051;169.014236;1034.66272;841.988159;261.879944;1088.561402;843.966553;445.7756960000003
157;816.677185;671.218872;219.725281;700.863708;647.090576;179.925659;747.455383;607.432983;171.25827;1032.16687;842.246155;261.880341;1086.065552;844.224549;445.7760930000003
158;813.187744;671.998718;221.566742;696.748474;647.936035;182.440948;743.394897;608.447815;173.537781;1028.873169;842.56012;262.753601;1082.771851;844.538514;446.6493530000003
159;808.854187;672.806274;223.708313;692.836731;648.804504;184.570374;739.557678;608.749329;175.742386;1025.392334;842.583679;263.596954;1079.291016;844.5620729999999;447.4927060000003
160;805.082886;673.481995;225.373352;688.457825;649.840576;187.123276;734.930054;609.760315;177.874619;1022.384644;842.869385;264.194183;1076.283326;844.847779;448.0899350000003
161;801.440735;674.143494;226.603607;684.206665;650.557556;189.536453;730.493591;610.841125;179.527451;1019.452454;842.854797;264.569092;1073.351136;844.8331909999999;448.4648440000003
162;797.530579;674.974976;227.873123;679.68866;651.381836;191.617355;726.081177;611.524353;181.730408;1015.930725;842.971191;265.275146;1069.8294070000002;844.949585;449.1708980000003
163;793.411682;675.844971;228.657684;675.268066;652.140564;193.892334;721.499084;612.068481;183.509384;1011.983398;843.170044;266.423523;1065.88208;845.1484379999999;450.3192750000003
164;788.823364;676.684143;230.459869;670.956238;652.87915;195.862122;716.895081;612.47345;185.333069;1008.258606;843.081787;267.223846;1062.157288;845.060181;451.1195980000003
165;784.702881;677.37793;232.067032;666.147949;653.76825;197.496429;712.384521;613.132874;187.065125;1004.869019;842.930542;267.792664;1058.7677010000002;844.9089359999999;451.6884160000003
166;780.356445;677.861145;232.886093;661.618347;654.566833;199.19252;707.465088;614.200623;188.768326;1001.125183;843.069275;268.331818;1055.0238650000001;845.0476689999999;452.2275700000003
167;775.823669;678.282532;233.682938;657.125488;655.325989;200.999222;702.907776;615.068787;190.003296;997.256836;842.884216;269.299133;1051.155518;844.86261;453.1948850000003
168;771.304443;678.87323;234.662079;652.096375;656.125;202.414108;698.046814;615.641418;191.314133;993.544312;842.783447;269.952362;1047.442994;844.761841;453.8481140000003
169;767.040405;679.691956;235.047119;647.234497;656.648254;203.49707;693.03717;616.339294;192.48912;989.539063;842.720642;270.689575;1043.4377450000002;844.699036;454.5853270000003
170;761.962219;680.445007;235.823776;642.400146;657.058777;204.50946;688.223877;616.835144;193.01355;985.264038;842.647705;271.969727;1039.1627200000003;844.626099;455.8654790000003
171;757.23822;680.913269;235.929718;637.456055;657.544922;205.916031;683.33667;617.57019;193.534592;981.247375;842.382629;272.732513;1035.1460570000004;844.3610229999999;456.6282650000003
172;752.50647;680.948059;236.120667;632.138611;658.028137;207.241058;678.88324;617.94458;193.354523;977.302979;841.891479;273.69165;1031.2016610000005;843.869873;457.5874020000003
173;747.881348;681.365173;236.376434;627.377258;658.408142;207.615097;674.062073;618.493896;193.567474;972.629944;841.411316;274.514404;1026.5286260000005;843.38971;458.4101560000003
174;743.429077;681.90918;236.278091;622.751587;658.886658;207.28334;668.807922;619.283875;193.652069;968.315613;840.940308;275.976013;1022.2142950000004;842.9187019999999;459.8717650000003
175;738.668396;682.680664;235.907349;617.919495;659.325684;207.228973;663.666321;619.774902;193.698456;964.290588;840.596863;276.808014;1018.1892700000004;842.575257;460.7037660000003
176;733.547546;683.009827;236.104843;612.882629;659.695984;207.365906;658.576172;620.284424;193.500488;959.950378;840.286682;277.798096;1013.8490600000005;842.265076;461.6938480000003
177;728.490173;683.134888;236.053528;607.798096;660.143433;207.440445;653.577942;620.797302;192.958206;955.570984;839.678467;278.880524;1009.4696660000004;841.6568609999999;462.7762760000003
178;723.588379;683.729492;235.336243;602.873352;660.497375;207.059647;649.088562;620.926147;192.212021;951.304321;838.762634;279.846466;1005.2030030000004;840.741028;463.7422180000003
179;718.635681;684.173889;235.256897;598.162842;660.815613;206.502701;643.936829;621.692993;191.864365;947.332458;838.184204;280.753937;1001.2311400000004;840.162598;464.6496890000003
180;713.937012;684.506165;234.390823;593.097473;661.274719;206.100479;638.914185;622.290588;190.996475;942.796875;837.70752;281.285065;996.6955570000005;839.685914;465.1808170000003
181;709.276428;685.124878;233.027817;587.932129;661.777405;205.412476;633.853821;622.923401;190.048828;938.703674;836.785339;282.183105;992.6023560000004;838.763733;466.0788570000003
182;704.495239;685.439026;232.275513;583.032104;662.092529;204.723557;628.941162;623.417908;189.069244;934.568726;835.927551;283.424011;988.4674080000004;837.905945;467.3197630000003
183;699.654968;685.576294;231.29808;578.20636;662.267761;204.224899;624.162109;623.915161;187.840073;930.2547;835.400818;283.940277;984.1533820000004;837.3792119999999;467.8360290000003
184;694.781067;685.794312;230.694458;573.227356;662.60675;203.072845;619.444458;624.490173;186.875885;925.833496;834.498535;284.863495;979.7321780000004;836.4769289999999;468.7592470000003
185;690.273804;686.146545;229.315796;568.285339;662.969604;202.21817;614.648254;624.921082;185.204086;921.711792;833.292114;285.470673;975.6104740000004;835.270508;469.3664250000003
186;685.345459;686.237305;228.307098;564.121887;663.182556;200.332596;609.921143;625.375854;183.785156;917.243591;832.630188;286.207611;971.1422730000005;834.608582;470.1033630000003
187;680.943848;686.494934;226.533112;559.602112;663.566467;198.895172;605.515442;625.934509;182.029312;912.839111;831.887512;287.020691;966.7377930000005;833.865906;470.9164430000003
188;676.265076;686.462402;225.637177;554.989197;663.949585;197.212967;600.931824;626.528992;180.271042;908.492615;830.453552;287.78598;962.3912970000005;832.4319459999999;471.6817320000003
189;671.802673;686.806519;223.910904;550.372803;664.309326;196.034378;596.185425;626.931885;178.835007;904.123535;829.661194;288.453705;958.0222170000004;831.639588;472.3494570000003
190;667.259644;687.094238;222.947861;546.039734;664.631714;194.090851;591.782227;627.338196;176.941345;899.843323;828.696411;289.757385;953.7420050000005;830.674805;473.6531370000003
191;662.872437;687.429688;221.43425;541.598938;665.093872;192.329666;587.407532;627.894226;174.794189;895.54895;827.397461;289.982941;949.4476320000005;829.375855;473.8786930000003
192;658.568176;687.551575;219.790054;537.229187;665.468018;190.559143;583.287598;628.30481;172.631638;891.121277;826.558533;290.787048;945.0199590000004;828.536927;474.6828000000003
193;654.314026;687.800171;218.397293;533.052673;665.856689;188.57753;578.977417;628.842285;171.268326;887.682983;825.380005;290.908752;941.5816650000005;827.358399;474.8045040000003
194;649.999451;687.613647;217.118652;529.0625;666.153503;186.426987;574.761719;629.424072;169.199783;883.587402;824.218567;291.222656;937.4860840000005;826.196961;475.1184080000003
195;645.695313;688.008484;215.342651;524.91217;666.60022;184.317581;570.592651;629.763916;167.284943;879.31665;823.302429;291.96286;933.2153320000004;825.2808229999999;475.8586120000003
196;641.4823;688.049744;213.950073;520.973145;666.965637;182.529114;566.559937;630.084473;165.211838;875.531189;822.00293;292.66394;929.4298710000005;823.981324;476.5596920000003
197;637.705872;688.372498;212.386566;516.848389;667.332275;180.524139;562.903137;630.671753;163.188004;871.21582;821.084717;293.129272;925.1145020000005;823.0631109999999;477.0250240000003
198;633.655273;688.246643;211.230072;512.684692;667.620667;178.734467;558.919495;631.281433;161.535278;868.228333;819.875061;292.843262;922.1270150000005;821.8534549999999;476.7390140000003
199;629.751831;688.371704;209.684021;508.869293;667.868164;176.928925;555.013977;631.578613;158.818512;864.258789;818.637756;293.112823;918.1574710000004;820.61615;477.0085750000003
200;625.830383;688.175293;208.391129;505.119354;668.117065;174.84877;551.390137;631.858948;156.541367;860.370911;817.479736;293.661591;914.2695930000004;819.45813;477.5573430000003
201;622.019348;688.422607;206.557663;501.383209;668.477966;172.867371;547.921448;632.358887;154.971985;856.988831;815.987976;293.636475;910.8875130000005;817.96637;477.5322270000003
202;618.054749;688.232178;204.987122;497.890198;668.823608;170.325821;544.134094;632.63031;153.384079;853.450256;814.654053;293.860504;907.3489380000004;816.632447;477.7562560000003
203;614.316162;687.996582;204.299026;494.2117;669.147888;168.698563;540.376648;632.858398;151.254883;849.947021;813.51593;293.996674;903.8457030000004;815.494324;477.8924260000003
204;610.580811;687.975342;202.731049;490.603058;669.33197;167.024292;536.777588;633.253052;149.383102;847.043701;811.892151;294.113464;900.9423830000005;813.870545;478.0092160000003
205;607.237915;688.241577;201.051758;487.163269;669.562378;165.320938;533.041199;633.512634;147.935959;843.312744;810.871277;293.953156;897.2114260000004;812.849671;477.8489080000003
206;603.629028;688.313965;199.54538;483.746246;669.845886;163.231277;529.781128;633.876831;146.413162;840.192383;809.395081;293.767853;894.0910650000004;811.373475;477.6636050000003
207;599.999329;687.882507;198.819336;480.320129;670.171753;161.680084;526.215088;633.902222;144.902695;836.888733;808.106323;293.847961;890.7874150000005;810.084717;477.7437130000003
208;596.954224;688.015808;197.599487;476.936249;670.33844;160.146393;523.02832;634.117798;143.455292;833.680359;807.207642;293.329529;887.5790410000004;809.186036;477.2252810000003
209;593.456299;687.77124;196.341904;473.827179;670.447754;158.740845;519.632263;634.863342;141.615463;830.78009;805.735046;293.385803;884.6787720000004;807.71344;477.2815550000003
210;590.194763;687.603699;196.000885;470.7099;670.46875;156.971359;516.613464;634.678101;140.563705;827.460327;804.691956;293.109314;881.3590090000005;806.67035;477.0050660000003
211;587.1651;687.614685;194.611771;467.829346;670.583496;155.648438;513.314453;634.497742;139.426865;824.873413;803.513733;292.649017;878.7720950000005;805.492127;476.5447690000003
212;583.947632;687.360413;193.962646;464.886566;670.484619;154.106262;510.55127;634.786133;138.165131;822.372803;802.100037;292.44278;876.2714850000004;804.078431;476.3385320000003
213;581.106384;687.26416;193.013672;461.839417;670.701416;153.136703;507.401611;634.884827;137.055115;819.342712;801.036743;291.958069;873.2413940000005;803.015137;475.8538210000003
214;578.072998;687.047974;191.442017;458.946777;670.747986;152.412582;504.71347;634.901062;135.752258;816.81427;799.759949;291.922577;870.7129520000004;801.738343;475.8183290000003
215;575.285339;686.700012;190.632675;456.254303;670.738525;150.995651;501.905914;634.935059;135.080063;814.433472;798.437866;291.202881;868.3321540000005;800.41626;475.0986330000003
216;572.859863;686.569702;189.524887;453.339996;670.862244;150.209137;498.929352;634.897644;133.990524;812.041138;797.396362;290.984894;865.9398200000005;799.3747559999999;474.8806460000003
217;570.170654;686.256958;188.838379;450.737488;670.858398;149.048553;496.051361;634.861145;133.127426;809.220276;796.328003;290.433868;863.1189580000005;798.306397;474.3296200000003
218;567.75061;686.100464;187.977371;448.133972;670.90564;148.233688;493.352509;634.940735;132.328247;807.330078;794.997375;289.935577;861.2287600000004;796.975769;473.8313290000003
219;564.800415;685.604431;187.49704;445.874603;670.853943;147.196518;490.883514;634.660339;131.620621;805.221863;793.904663;289.278076;859.1205450000004;795.883057;473.1738280000003
220;562.649353;685.446472;185.893997;443.360077;670.840271;146.418488;488.443909;634.511536;130.207001;802.737793;792.780151;289.123138;856.6364750000005;794.758545;473.0188900000003
221;560.448608;685.218201;184.96553;440.938873;670.768188;145.13681;485.920929;634.591003;129.279816;800.256897;791.768494;288.656769;854.1555790000004;793.746888;472.5525210000003
222;558.09314;685.040588;183.809784;438.527039;670.741516;144.534561;483.257446;634.441345;128.446289;798.505798;790.658936;288.288025;852.4044800000005;792.63733;472.1837770000003
223;555.751099;684.508667;183.471069;436.296875;670.608826;144.17804;481.13089;634.339233;127.550652;796.382324;789.676453;287.671417;850.2810060000005;791.654847;471.5671690000003
224;553.585876;684.465393;182.504425;433.935425;670.549438;142.556702;478.794952;634.327209;126.848412;794.125488;788.635864;287.898407;848.0241700000005;790.614258;471.7941590000003
225;551.573486;684.279907;181.659134;432.25354;670.46106;141.559082;476.511108;634.355957;126.066628;792.001709;787.842407;287.076202;845.9003910000005;789.820801;470.9719540000003
226;548.970703;684.013306;181.027374;430.199921;670.369324;140.774918;474.447327;634.317505;125.041351;790.543579;786.718567;286.430389;844.4422610000005;788.696961;470.3261410000003
227;547.082947;683.740417;180.294403;427.973358;670.295044;139.403839;472.578461;634.289734;123.931496;788.75238;785.819214;285.60614;842.6510620000005;787.797608;469.5018920000003
228;545.117188;683.228943;179.774109;426.462952;670.359802;138.310928;470.679047;634.403992;122.712296;786.633545;784.900452;285.636108;840.5322270000005;786.878846;469.5318600000003
229;543.401794;683.209045;178.286346;424.603149;670.412354;137.511536;469.141144;634.363525;121.281525;784.808533;784.17627;285.217316;838.7072150000005;786.154664;469.1130680000003
230;541.688538;682.952637;177.352417;422.578949;670.333435;136.308823;467.204956;634.521118;120.319412;782.910889;783.295105;284.648224;836.8095710000005;785.273499;468.5439760000003
231;539.881165;682.759705;176.963272;421.304718;670.142822;134.820969;465.486359;634.389343;119.936729;781.835815;782.313232;284.286804;835.7344970000005;784.291626;468.1825560000003
232;538.126526;682.675171;175.605881;419.684662;670.170471;133.557724;463.611847;634.258606;118.564056;780.03833;781.363464;283.895691;833.9370120000004;783.341858;467.7914430000003
233;536.869995;682.521118;174.196854;418.100586;670.096008;132.188751;462.462494;634.111267;117.280602;778.235413;780.591919;283.914581;832.1340950000005;782.5703129999999;467.8103330000003
234;535.225098;682.154907;173.600662;416.708221;670.136169;131.124374;461.031281;634.223633;115.546089;776.837097;780.069824;283.465759;830.7357790000004;782.048218;467.3615110000003
235;533.820435;681.999451;172.292099;415.325226;670.00061;129.89061;459.391388;634.114624;114.252472;774.73291;779.472168;283.121979;828.6315920000004;781.450562;467.0177310000003
236;532.709351;681.892517;170.934891;414.083801;669.786011;128.407547;458.317474;634.001526;113.371986;773.864563;778.763306;282.552216;827.7632450000004;780.7416999999999;466.4479680000003
237;531.498901;681.61377;170.005264;412.840271;669.660461;126.849991;456.878662;633.916138;112.389389;772.631104;778.127014;281.580597;826.5297860000005;780.105408;465.4763490000003
238;530.09082;681.562195;169.419998;411.778473;669.592346;125.954391;455.955292;633.706604;110.728897;771.050903;777.521484;281.136566;824.9495850000004;779.499878;465.0323180000003
239;528.935364;681.36853;168.14093;410.794159;669.434204;124.455208;454.915741;633.788269;109.143219;770.001953;776.916809;281.0448;823.9006350000004;778.8952029999999;464.9405520000003
240;527.887878;681.104492;166.577957;410.027466;669.361145;122.610489;454.139496;633.670654;107.928192;768.575439;776.526306;280.892548;822.4741210000004;778.5047;464.7883000000003
241;526.926575;680.905273;165.771912;409.229279;669.299866;120.785858;453.37146;633.497437;106.47081;767.036987;776.162842;280.678589;820.9356690000004;778.1412359999999;464.5743410000003
242;525.739319;680.478577;165.412491;408.360413;669.250793;119.043892;452.658325;633.401428;105.086205;765.965637;775.578552;280.46402;819.8643190000005;777.5569459999999;464.3597720000003
243;524.815613;680.193054;164.338684;407.938843;669.031677;117.278488;452.489166;633.3255;103.525803;765.27594;775.02002;279.943787;819.1746220000005;776.998414;463.8395390000003
244;524.201843;680.39801;162.915359;407.490692;668.990662;114.974197;452.232697;633.23822;101.35218;764.581238;774.495361;279.367157;818.4799200000004;776.473755;463.2629090000003
245;523.581604;680.085632;161.430298;407.281311;668.836365;113.060646;451.929077;633.244629;99.890411;763.542969;773.958557;278.816406;817.4416510000004;775.936951;462.7121580000003
246;523.070557;679.699341;159.741501;406.817322;668.687561;110.837669;452.062866;633.115723;97.891701;762.706848;773.529785;278.77948;816.6055300000005;775.5081789999999;462.6752320000003
247;522.58374;679.470764;158.656219;406.239563;668.321106;109.715439;452.169312;632.840027;96.226997;761.963074;773.196716;278.494659;815.8617560000005;775.17511;462.3904110000003
248;522.088196;679.237183;158.166901;406.016296;668.150391;109.253273;451.356506;632.782288;95.51561;761.332886;772.925232;277.926788;815.2315680000005;774.903626;461.8225400000003
249;521.646912;678.85791;157.578644;405.912689;667.984741;108.627258;450.455322;633.155579;95.425064;760.730774;772.722961;277.259674;814.6294560000005;774.701355;461.1554260000003
250;521.393372;678.337158;156.819855;405.993103;668.165466;108.007484;449.808167;633.296997;95.518646;760.230774;772.404053;276.888733;814.1294560000005;774.382447;460.7844850000003
251;521.331604;677.79834;156.043564;405.885254;668.2771;107.695564;449.249817;633.426208;95.528061;759.914368;772.072021;276.605255;813.8130500000004;774.0504149999999;460.5010070000003
252;521.155701;677.299255;155.733292;405.627838;668.277527;107.378799;448.569977;633.085388;95.377281;759.727417;771.802551;276.30304;813.6260990000004;773.780945;460.1987920000003
253;521.000977;676.785889;155.506378;405.35141;668.303833;107.329948;447.926544;632.585022;95.238464;759.508179;771.664612;275.808807;813.4068610000005;773.643006;459.7045590000003
254;520.774048;676.314758;155.351257;759.324768;771.623657;275.245239;447.479553;632.382446;95.004036;;;;;;
255;520.520813;675.90448;155.496353;759.190491;771.664978;274.768524;447.173889;632.20105;94.859413;;;;;;
256;520.401306;675.438477;155.330795;759.074219;771.780762;274.171234;446.987762;632.134338;94.73526;;;;;;
257;520.321899;675.038757;155.200424;404.774719;667.946228;106.723007;446.730072;632.056885;94.607002;;;;;;
258;520.298157;674.716431;155.015045;404.818359;667.836548;106.578743;446.533417;631.971008;94.481918;;;;;;
259;520.202515;674.425049;154.812439;404.819336;667.740356;106.559715;446.337616;631.868225;94.383087;;;;;;
260;520.256348;674.12439;154.580444;404.788452;667.634277;106.585396;446.261383;631.727356;94.106812;;;;;;
261;520.27533;673.924988;154.41568;404.813263;667.611694;106.578812;446.226196;631.822021;93.957642;;;;;;
262;520.3255;673.833679;154.230606;759.006531;772.369446;272.044464;446.186066;631.875305;93.881966;;;;;;
263;520.417114;673.890137;154.024384;404.840576;667.627075;106.542953;446.259399;631.983459;93.771515;;;;;;
264;520.442932;673.952026;153.919998;759.156921;772.702148;271.889709;446.318359;631.978088;93.694603;;;;;;
265;520.551636;674.002441;153.681168;759.086487;772.938477;271.939514;446.376343;632.014404;93.680588;;;;;;
266;520.664795;674.105652;153.558899;759.114807;773.156677;271.97049;446.48114;632.009888;93.69175;;;;;;
267;520.687317;674.312378;153.510071;759.170776;773.368896;272.0578;446.610901;631.968811;93.669044;;;;;;
268;520.769714;674.508545;153.447723;759.099854;773.706604;272.173737;446.633514;631.962158;93.653229;;;;;;
269;520.831421;674.630981;153.486008;759.074585;773.86554;272.21521;446.755402;631.831421;93.569984;;;;;;
270;520.859314;674.83075;153.677933;758.978149;774.058777;272.335297;446.878235;631.834229;93.576118;;;;;;
271;520.895264;675.029724;153.659286;758.999695;774.185913;272.350372;446.876282;631.836121;93.600761;;;;;;
272;520.992065;675.103027;153.322998;404.93924;667.831421;106.617218;446.919617;631.820068;93.600677;;;;;;
273;521.040039;675.255493;153.442566;759.026001;774.547791;272.489685;447.180054;631.916382;93.374428;;;;;;
274;521.036133;675.254822;153.532883;404.93924;667.831421;106.617218;447.375244;631.971497;93.235199;;;;;;
275;521.045288;675.326233;153.537125;759.174561;774.786194;272.483551;447.394257;632.05658;93.226357;;;;;;
276;521.084595;675.312378;153.23819;759.088562;774.989746;272.607239;447.426086;632.024231;93.195404;;;;;;
277;521.110474;675.356995;153.436234;404.872894;667.829956;106.664719;447.428192;631.944153;93.162521;;;;;;
278;521.082947;675.345581;153.51535;404.838593;667.733948;106.591209;447.526642;631.905762;93.219421;;;;;;
279;521.150879;675.400024;153.233932;404.832062;667.727295;106.598793;447.544891;631.902527;93.236465;;;;;;
280;521.183289;675.425598;153.239655;404.822754;667.637634;106.582947;447.574524;631.835693;93.206451;;;;;;
281;521.161682;675.42157;153.12941;404.772247;667.439636;106.632278;447.544312;631.807373;93.20977;;;;;;
282;521.181702;675.33606;153.149185;404.745239;667.392822;106.647842;447.61734;631.802673;93.162216;;;;;;
283;521.140503;675.382874;153.184067;404.746094;667.309021;106.603455;447.625214;631.731201;93.148613;;;;;;
284;521.099915;675.434448;153.087601;404.786743;667.204163;106.559052;447.659576;631.742737;93.134514;;;;;;
285;521.112854;675.357544;153.048859;404.756866;667.198853;106.578835;447.752258;631.772156;93.020645;;;;;;
286;521.054016;675.356445;153.041489;404.776947;667.198853;106.574791;447.661072;631.714783;93.033409;;;;;;
287;521.002014;675.340088;153.050888;404.682678;667.119873;106.515678;447.690399;631.702332;93.004379;;;;;;
288;520.99823;675.330078;153.014099;404.643433;667.106506;106.553802;447.723114;631.703796;92.945923;;;;;;
289;521.012085;675.331726;153.003906;404.677765;667.1026;106.550308;447.785278;631.760681;92.908974;;;;;;
290;520.960144;675.348328;152.95517;404.677887;667.105957;106.497482;447.717438;631.74115;92.851151;;;;;;
291;520.922852;675.361694;152.969864;404.640625;667.209595;106.42498;447.742401;631.785217;92.862358;;;;;;
292;520.915222;675.271545;152.972778;404.665009;667.227661;106.337784;447.770233;631.864624;92.811127;;;;;;
293;520.916443;675.253845;152.97525;404.717926;667.314758;106.270752;447.691711;631.829346;92.821198;;;;;;
294;520.870178;675.186401;152.918823;404.718994;667.431091;106.253281;447.719299;631.842651;92.786514;;;;;;
295;520.882385;675.147522;152.871475;404.638031;667.459167;106.254959;447.629242;631.898865;92.701805;;;;;;
296;520.865417;675.143372;152.877136;404.635681;667.536011;106.240685;447.655701;631.921387;92.634651;;;;;;
297;520.87439;675.174805;152.778595;404.638184;667.556152;106.262398;447.725891;632.049133;92.612991;;;;;;
298;520.876404;675.102295;152.766418;404.676697;667.633118;106.190575;447.614166;632.044373;92.60051;;;;;;
299;520.908813;675.057251;152.72554;404.707397;667.66095;106.159676;447.626892;632.017456;92.609108;;;;;;
300;520.931641;675.053467;152.680481;404.697083;667.659851;106.18924;447.635406;632.015564;92.618767;;;;;;
301;520.856934;674.950195;152.777863;404.686584;667.651123;106.196594;447.646301;632.068542;92.602219;;;;;;
302;520.973328;674.960815;152.603012;404.667145;667.653442;106.243164;447.65918;632.075256;92.55114;;;;;;
303;520.917664;674.806824;152.726044;404.657623;667.648743;106.251328;447.681122;632.020264;92.583061;;;;;;
304;520.933472;674.911133;152.647034;404.650574;667.653931;106.279984;447.691284;631.993713;92.572777;;;;;;
305;520.982239;674.840393;152.654861;404.629852;667.558838;106.284294;447.615509;631.930603;92.561523;;;;;;
306;520.919739;674.794312;152.751373;404.62204;667.536621;106.289536;447.68219;631.972107;92.53511;;;;;;
307;520.989624;674.73468;152.730103;404.619751;667.545715;106.307236;447.752197;631.976501;92.544617;;;;;;
308;520.998352;674.76532;152.800598;404.620575;667.545898;106.296303;447.784485;631.988831;92.533951;;;;;;
309;521.057983;674.746582;152.70668;404.675262;667.543274;106.36731;447.760193;631.974548;92.54496;;;;;;
310;521.037292;674.715759;152.763763;404.674042;667.539856;106.399574;447.733459;632.001709;92.503731;;;;;;
311;521.061523;674.583435;152.904953;404.672424;667.536377;106.385506;447.748779;631.980408;92.537537;;;;;;
312;521.023682;674.613586;152.924377;404.672119;667.539978;106.387474;447.75116;631.96582;92.557343;;;;;;
313;521.138733;674.591248;152.779282;404.729675;667.529297;106.314079;447.72348;632.012451;92.548019;;;;;;
314;521.121887;674.593506;152.679733;755.457764;774.031067;279.791748;447.65979;632.023132;92.513268;;;;;;
